{
  "projectType": [
    "com.watt.common.builder.sapui5clientbuild",
    "sap.watt.uitools.ide.fiori"
  ],
  "build": {
    "targetFolder": "dist",
    "sourceFolder": "webapp",
    "excludedFolders": [
      "test"
    ],
    "excludedFiles": [
      "test.html"
    ],
    "buildRequired": false,
    "lastBuildDateTime": "Thu, 16 Jun 2016 08:42:15 GMT"
  },
  "generation": [
    {
      "templateId": "ui5template.2masterdetailcrud",
      "templateVersion": "1.34.3",
      "dateTimeStamp": "Thu, 16 Jun 2016 08:40:58 GMT"
    }
  ],
  "mockpreview": {
    "mockUri": "/sap/opu/odata/iwbep/GWSAMPLE_BASIC",
    "metadataFilePath": "",
    "loadJSONFiles": false,
    "loadCustomRequests": false,
    "mockRequestsFilePath": ""
  },
  "translation": {
    "translationDomain": "",
    "supportedLanguages": "en,fr,de",
    "defaultLanguage": "en",
    "defaultI18NPropertyFile": "i18n.properties",
    "resourceModelName": "i18n"
  },
  "basevalidator": {
    "services": {
      "xml": "fioriXmlAnalysis",
      "js": "fioriJsValidator"
    }
  },
  "codeCheckingTriggers": {
    "notifyBeforePush": false,
    "notifyBeforePushLevel": "Error",
    "blockPush": false,
    "blockPushLevel": "Error"
  },
  "hcpdeploy": {
    "account": "i048367trial",
    "name": "trialcrud",
    "lastVersionWeTriedToDeploy": "1.0.0"
  }
}